manas1,3167,,,
manas2,3167,,,
manas3,3167,,,
manas4,3167,,,
manas5,3167,,,
manas6,3167,,,
manas7,3167,,,
manas8,3167,,,
manas9,3167,,,
manas10,3167,,,
manas11,3167,,,
manas12,3167,,,
manas13,3167,,,
manas14,3167,,,
manas15,3167,,,
manas16,3167,,,
manas17,3167,,,
manas18,3167,,,
manas19,3167,,,
manas20,3167,,,
manas21,3167,,,
manas22,3167,,,
manas23,3167,,,
manas24,3167,,,
manas25,3167,,,
manas26,3167,,,
manas27,3167,,,
manas28,3167,,,
manas29,3167,,,
manas30,3167,,,
manas31,3167,,,
manas32,3167,,,
manas33,3167,,,
manas34,3167,,,
manas35,3167,,,
manas36,3167,,,
manas37,3167,,,
manas38,3167,,,
manas39,3167,,,
manas40,3167,,,
